Date,Description,Details,Category,Amount_AUD,Debit_AUD,Credit_AUD,Statement_Balance_AUD,Month,Parse_Status,Source_Page,Raw_Text
2025-11-01,HAWAIIAN1734212522763 PARIS FR,Card xx6220 USD 23.00 | Value Date 29/10/2025,Other,-35.16,35.16,0.00,7624.16,2025-11,High confidence,1,"01 Nov HAWAIIAN1734212522763 PARIS FR FRA | Card xx6220 USD 23.00 | Value Date 29/10/2025 35.16 7,624.16 CR | 0303"
2025-11-01,International Transaction Fee,Value Date 29/10/2025,Bank Fees,-1.23,1.23,0.00,7622.93,2025-11,High confidence,1,"01 Nov International Transaction Fee | Value Date 29/10/2025 1.23 7,622.93 CR | ZZ258R3"
2025-11-01,THE TASTE OF ASIAN PTY MASCOT AUS,Card xx0018 | Value Date 30/10/2025,Other,-20.00,20.00,0.00,7602.93,2025-11,High confidence,1,"01 Nov THE TASTE OF ASIAN PTY MASCOT AUS | Card xx0018 | Value Date 30/10/2025 20.00 7,602.93 CR | 3162.10484.1.6"
2025-11-01,UBER *TRIP HELP.UBER.C 14518236738,Card xx0018 | Value Date 31/10/2025 | TELLO MOBILE ATLANTA GA USA | Card xx0018 USD 11.78 | Value Date 30/10/2025,Transport,-5.00,5.00,0.00,7597.93,2025-11,High confidence,1,"01 Nov UBER *TRIP HELP.UBER.C 14518236738 AU AU | Card xx0018 | Value Date 31/10/2025 5.00 7,597.93 CR | * | * 01 Nov TELLO MOBILE ATLANTA GA USA | Card xx0018 USD 11.78 | Value Date 30/10/2025 18.01 7,579.92 CR"
2025-11-01,International Transaction Fee,Value Date 29/10/2025,Bank Fees,-18.64,18.64,0.00,7579.29,2025-11,"Amount mismatch: columns -0.63, balance delta -18.64; used balance",1,"01 Nov International Transaction Fee | Value Date 29/10/2025 0.63 7,579.29 CR"
2025-11-01,Liv Eat Mascot NS AUS,Card xx0018 | Value Date 29/10/2025,Other,-6.09,6.09,0.00,7573.20,2025-11,High confidence,1,"01 Nov Liv Eat Mascot NS AUS | Card xx0018 | Value Date 29/10/2025 6.09 7,573.20 CR"
2025-11-01,UBER *TRIP HELP.UBER.C 14518236738,Card xx0018 | Value Date 30/10/2025,Transport,-5.00,5.00,0.00,7568.20,2025-11,High confidence,1,"01 Nov UBER *TRIP HELP.UBER.C 14518236738 AU AU | Card xx0018 | Value Date 30/10/2025 5.00 7,568.20 CR"
2025-11-01,UBER *TRIP HELP.UBER.C 14518236738,Card xx0018 | Value Date 30/10/2025,Transport,-67.79,67.79,0.00,7500.41,2025-11,High confidence,1,"01 Nov UBER *TRIP HELP.UBER.C 14518236738 AU AU | Card xx0018 | Value Date 30/10/2025 67.79 7,500.41 CR"
2025-11-01,UBER *TRIP HELP.UBER.C 14518236738,Card xx0018 | Value Date 30/10/2025,Transport,-5.00,5.00,0.00,7495.41,2025-11,High confidence,2,"01 Nov UBER *TRIP HELP.UBER.C 14518236738 AU AU | Card xx0018 | Value Date 30/10/2025 5.00 7,495.41 CR"
2025-11-03,Direct Debit 545383 Telstra Services,hn4vs2tp,Utilities & Phone,-10.00,10.00,0.00,7485.41,2025-11,High confidence,2,"03 Nov Direct Debit 545383 Telstra Services | hn4vs2tp 10.00 7,485.41 CR"
2025-11-03,Direct Debit 012495 GU HEALTH D/DBT,29497443,Health & Pharmacy,-65.76,65.76,0.00,7419.65,2025-11,High confidence,2,"03 Nov Direct Debit 012495 GU HEALTH D/DBT | 29497443 65.76 7,419.65 CR"
2025-11-04,KEN'S MARKET 75-116 SEATTLE WA,Card xx0018 USD 2.75 | Value Date 01/11/2025,Other,-4.21,4.21,0.00,7415.44,2025-11,High confidence,2,"04 Nov KEN'S MARKET 75-116 SEATTLE WA USA | Card xx0018 USD 2.75 | Value Date 01/11/2025 4.21 7,415.44 CR"
2025-11-04,International Transaction Fee,Value Date 31/10/2025,Bank Fees,-0.15,0.15,0.00,7415.29,2025-11,High confidence,2,"04 Nov International Transaction Fee | Value Date 31/10/2025 0.15 7,415.29 CR"
2025-11-04,AIRBNB * HMMCN3N8CD LONDON GB,Card xx0018 USD 94.62 | Value Date 01/11/2025,Other,-144.88,144.88,0.00,7270.41,2025-11,High confidence,2,"04 Nov AIRBNB * HMMCN3N8CD LONDON GB GBR | Card xx0018 USD 94.62 | Value Date 01/11/2025 144.88 7,270.41 CR"
2025-11-04,International Transaction Fee,Value Date 01/11/2025,Bank Fees,-5.07,5.07,0.00,7265.34,2025-11,High confidence,2,"04 Nov International Transaction Fee | Value Date 01/11/2025 5.07 7,265.34 CR"
2025-11-04,SQ *COFFEEHOLIC HOUSE Seattle WA,Card xx0018 USD 15.56 | Value Date 01/11/2025 | International Transaction Fee | Value Date 31/10/2025 | & J TRADING UP PTY DEE WHY NS | Card xx0018 | Value Date 30/10/2025 | QUIZNOS DIAMOND H HNL HONOLULU | Card xx0018 USD 15.70 | Value Date 31/10/2025,Dining & Coffee,-23.82,23.82,0.00,7241.52,2025-11,High confidence,2,"04 Nov SQ *COFFEEHOLIC HOUSE Seattle WA USA | Card xx0018 USD 15.56 | Value Date 01/11/2025 23.82 7,241.52 CR | SL.R3.S141.D338.OV06.00.37 04 Nov International Transaction Fee | Value Date 31/10/2025 0.83 7,240.69 CR | 04 Nov M & J TRADING UP PTY DEE WHY NS AUS | Card xx0018 | Value Date 30/10/2025 6.30 7,234.39 CR | 0303 04 Nov QUIZNOS DIAMOND H HNL HONOLULU HI USA | Card xx0018 USD 15.70 | ZZ258R3 Value Date 31/10/2025 24.04 7,210.35 CR"
2025-11-04,International Transaction Fee,Value Date 30/10/2025 | STARBUCKS T2 G3 HNL HONOLULU HI | Card xx0018 USD 7.17 | Value Date 31/10/2025,Bank Fees,-32.01,32.01,0.00,7209.51,2025-11,"Amount mismatch: columns -0.84, balance delta -32.01; used balance",2,"04 Nov International Transaction Fee | Value Date 30/10/2025 0.84 7,209.51 CR | 3162.10484.1.6 04 Nov STARBUCKS T2 G3 HNL HONOLULU HI USA | Card xx0018 USD 7.17 | Value Date 31/10/2025 10.98 7,198.53 CR"
2025-11-04,International Transaction Fee,Value Date 30/10/2025,Bank Fees,-11.36,11.36,0.00,7198.15,2025-11,"Amount mismatch: columns -0.38, balance delta -11.36; used balance",2,"04 Nov International Transaction Fee | Value Date 30/10/2025 0.38 7,198.15 CR"
2025-11-04,SQ *PAGES & PAGES HONO Honolulu,Card xx0018 USD 4.99 | Value Date 31/10/2025,Other,-7.64,7.64,0.00,7190.51,2025-11,High confidence,2,"04 Nov SQ *PAGES & PAGES HONO Honolulu HI USA | Card xx0018 USD 4.99 | Value Date 31/10/2025 7.64 7,190.51 CR"
2025-11-04,International Transaction Fee,Value Date 30/10/2025,Bank Fees,-0.27,0.27,0.00,7190.24,2025-11,High confidence,2,"04 Nov International Transaction Fee | Value Date 30/10/2025 0.27 7,190.24 CR"
2025-11-05,SQ *SIFF CINEMA DOWNTO Seattle WA,Card xx0018 USD 10.00 | Value Date 03/11/2025,Other,-15.31,15.31,0.00,7174.93,2025-11,High confidence,2,"05 Nov SQ *SIFF CINEMA DOWNTO Seattle WA USA | Card xx0018 USD 10.00 | Value Date 03/11/2025 15.31 7,174.93 CR"
2025-11-05,International Transaction Fee,Value Date 02/11/2025,Bank Fees,-0.54,0.54,0.00,7174.39,2025-11,High confidence,2,"05 Nov International Transaction Fee | Value Date 02/11/2025 0.54 7,174.39 CR"
2025-11-05,SP MUTO.ARTONTHETABLE SEATTLE,Card xx0018 USD 104.07 | Value Date 03/11/2025,Other,-159.35,159.35,0.00,7015.04,2025-11,High confidence,3,"05 Nov SP MUTO.ARTONTHETABLE SEATTLE WA USA | Card xx0018 USD 104.07 | Value Date 03/11/2025 159.35 7,015.04 CR"
2025-11-05,International Transaction Fee,Value Date 02/11/2025,Bank Fees,-5.58,5.58,0.00,7009.46,2025-11,High confidence,3,"05 Nov International Transaction Fee | Value Date 02/11/2025 5.58 7,009.46 CR"
2025-11-05,XING FU TANG SEATTLE WA USA,Card xx0018 USD 9.25 | Value Date 03/11/2025,Other,-14.16,14.16,0.00,6995.30,2025-11,High confidence,3,"05 Nov XING FU TANG SEATTLE WA USA | Card xx0018 USD 9.25 | Value Date 03/11/2025 14.16 6,995.30 CR"
2025-11-05,International Transaction Fee,Value Date 02/11/2025,Bank Fees,-0.50,0.50,0.00,6994.80,2025-11,High confidence,3,"05 Nov International Transaction Fee | Value Date 02/11/2025 0.50 6,994.80 CR"
2025-11-05,Direct Debit 507156 MBAUDPayments,AMBITIONS_TMX2KwR7,Fitness & Memberships,-68.00,68.00,0.00,6926.80,2025-11,High confidence,3,"05 Nov Direct Debit 507156 MBAUDPayments | AMBITIONS_TMX2KwR7 68.00 6,926.80 CR | =àXOÌ2)"
2025-11-05,Direct Debit 545383 Telstra Services,5ygn68fy,Utilities & Phone,-10.00,10.00,0.00,6916.80,2025-11,High confidence,3,"05 Nov Direct Debit 545383 Telstra Services | 5ygn68fy 10.00 6,916.80 CR"
2025-11-06,DEFT REAL ESTATE NetBank BPAY 4481,0053436473 Rent may 9 to 23,Housing - Rent,-1700.00,1700.00,0.00,5216.80,2025-11,High confidence,3,"06 Nov DEFT REAL ESTATE NetBank BPAY 4481 | 0053436473 Rent may 9 to 23 1,700.00 5,216.80 CR"
2025-11-06,SQ *ASHURI BAKLAVA CAF Bellingham,Card xx0018 USD 36.98 | Value Date 04/11/2025,Other,-56.62,56.62,0.00,5160.18,2025-11,High confidence,3,"06 Nov SQ *ASHURI BAKLAVA CAF Bellingham WA USA | Card xx0018 USD 36.98 | Value Date 04/11/2025 56.62 5,160.18 CR"
2025-11-06,International Transaction Fee,Value Date 03/11/2025,Bank Fees,-1.98,1.98,0.00,5158.20,2025-11,High confidence,3,"06 Nov International Transaction Fee | Value Date 03/11/2025 1.98 5,158.20 CR"
2025-11-06,SQ *HAYES COFFEE CO Arlington WA,Card xx0018 USD 9.12 | Value Date 04/11/2025,Dining & Coffee,-14.00,14.00,0.00,5144.20,2025-11,High confidence,3,"06 Nov SQ *HAYES COFFEE CO Arlington WA USA | Card xx0018 USD 9.12 | Value Date 04/11/2025 14.00 5,144.20 CR"
2025-11-06,International Transaction Fee,Value Date 03/11/2025,Bank Fees,-0.49,0.49,0.00,5143.71,2025-11,High confidence,3,"06 Nov International Transaction Fee | V06.00.37 | Value Date 03/11/2025 0.49 5,143.71 CR"
2025-11-06,EXXON LAKEWAY STATION BELLINGHAM,Card xx0018 USD 8.68 | Value Date 04/11/2025,Other,-13.29,13.29,0.00,5130.42,2025-11,High confidence,3,"06 Nov EXXON LAKEWAY STATION BELLINGHAM WA USA | Card xx0018 USD 8.68 | Value Date 04/11/2025 13.29 5,130.42 CR | SL.R3.S141.D338.O"
2025-11-06,International Transaction Fee,Value Date 03/11/2025,Bank Fees,-0.47,0.47,0.00,5129.95,2025-11,High confidence,3,"06 Nov International Transaction Fee | Value Date 03/11/2025 0.47 5,129.95 CR"
2025-11-07,TH*Greencare Clinics Sydney NS AUS,Card xx0018 | Value Date 06/11/2025 | SQ *Y'NO DY Dee Why AU,Health & Pharmacy,-99.00,99.00,0.00,5030.95,2025-11,High confidence,3,"07 Nov TH*Greencare Clinics Sydney NS AUS | 0303 Card xx0018 | Value Date 06/11/2025 99.00 5,030.95 CR | ZZ258R3 07 Nov SQ *Y'NO DY Dee Why AU 4.50 5,026.45 CR"
2025-11-07,SQ *TOASTIESMITH TGV Sydney AU,,Other,-13.13,13.13,0.00,5017.82,2025-11,"Amount mismatch: columns -8.63, balance delta -13.13; used balance",3,"07 Nov SQ *TOASTIESMITH TGV Sydney AU 8.63 5,017.82 CR"
2025-11-08,TRANSPORTFORNSW OPAL CHIPPENDALE,Card xx6220 | Value Date 07/11/2025,Transport,-60.00,60.00,0.00,4957.82,2025-11,High confidence,3,"08 Nov TRANSPORTFORNSW OPAL CHIPPENDALE AUS | 3162.10485.2.6 Card xx6220 | Value Date 07/11/2025 60.00 4,957.82 CR"
2025-11-08,UBER *TRIP HELP.UBER.C 14518236738,Card xx0018 | Value Date 06/11/2025,Transport,-103.02,103.02,0.00,4854.80,2025-11,High confidence,3,"08 Nov UBER *TRIP HELP.UBER.C 14518236738 AU AU | Card xx0018 | Value Date 06/11/2025 103.02 4,854.80 CR"
2025-11-08,SQ *PAGES & PAGES HONO Honolulu,Card xx0018 USD 3.99 | Value Date 06/11/2025,Other,-6.18,6.18,0.00,4848.62,2025-11,High confidence,3,"08 Nov SQ *PAGES & PAGES HONO Honolulu HI USA | Card xx0018 USD 3.99 | Value Date 06/11/2025 6.18 4,848.62 CR"
2025-11-08,International Transaction Fee,Value Date 05/11/2025,Bank Fees,-0.22,0.22,0.00,4848.40,2025-11,High confidence,3,"08 Nov International Transaction Fee | Value Date 05/11/2025 0.22 4,848.40 CR"
2025-11-08,WENDY'S 13238-615 SEATTLE WA,Card xx0018 USD 5.81 | Value Date 06/11/2025,Other,-8.97,8.97,0.00,4839.43,2025-11,High confidence,3,"08 Nov WENDY'S 13238-615 SEATTLE WA USA | Card xx0018 USD 5.81 | Value Date 06/11/2025 8.97 4,839.43 CR"
2025-11-08,International Transaction Fee,Value Date 05/11/2025,Bank Fees,-0.31,0.31,0.00,4839.12,2025-11,High confidence,3,"08 Nov International Transaction Fee | Value Date 05/11/2025 0.31 4,839.12 CR"
2025-11-08,PIKE&PINE ST2275 SEATTLE WA USA,Card xx0018 USD 5.82 | Value Date 06/11/2025,Other,-8.98,8.98,0.00,4830.14,2025-11,High confidence,4,"08 Nov PIKE&PINE ST2275 SEATTLE WA USA | Card xx0018 USD 5.82 | Value Date 06/11/2025 8.98 4,830.14 CR"
2025-11-08,International Transaction Fee,Value Date 05/11/2025,Bank Fees,-0.31,0.31,0.00,4829.83,2025-11,High confidence,4,"08 Nov International Transaction Fee | Value Date 05/11/2025 0.31 4,829.83 CR"
2025-11-08,SQ *SACREBLEU | CANELE dee why AU,,Dining & Coffee,-8.12,8.12,0.00,4821.71,2025-11,High confidence,4,"08 Nov SQ *SACREBLEU | CANELE dee why AU 8.12 4,821.71 CR"
2025-11-08,COLES 0784 DEE WHY AU,,Groceries,-24.89,24.89,0.00,4796.82,2025-11,High confidence,4,"08 Nov COLES 0784 DEE WHY AU 24.89 4,796.82 CR"
2025-11-09,SQ *Y'NO DY Dee Why AU,,Other,-4.50,4.50,0.00,4792.32,2025-11,High confidence,4,"09 Nov SQ *Y'NO DY Dee Why AU 4.50 4,792.32 CR"
2025-11-09,SQ *SACREBLEU | CANELE dee why AU,,Dining & Coffee,-14.20,14.20,0.00,4778.12,2025-11,High confidence,4,"09 Nov SQ *SACREBLEU | CANELE dee why AU 14.20 4,778.12 CR"
2025-11-10,Subway Kent 24 Market StrAU,,Dining & Coffee,-4.50,4.50,0.00,4773.62,2025-11,High confidence,4,"10 Nov Subway Kent 24 Market StrAU 4.50 4,773.62 CR"
2025-11-10,Subway Dee Why 7 Oaks AvenueAU,,Dining & Coffee,-2.95,2.95,0.00,4770.67,2025-11,High confidence,4,"10 Nov Subway Dee Why 7 Oaks AvenueAU 2.95 4,770.67 CR"
2025-11-11,SP TEA LIFE NORTH SAINT M NS AUS,Card xx6220 | Value Date 09/11/2025,Dining & Coffee,-64.70,64.70,0.00,4705.97,2025-11,High confidence,4,"11 Nov SP TEA LIFE NORTH SAINT M NS AUS | Card xx6220 | Value Date 09/11/2025 64.70 4,705.97 CR"
2025-11-11,Return UBER *TRIP HELP.UBER.C,Card xx0018 | Value Date 09/11/2025,Income - Refund/Reimbursement,0.02,0.00,0.02,4705.99,2025-11,High confidence,4,"11 Nov Return UBER *TRIP HELP.UBER.C 1451823673 | Card xx0018 | Value Date 09/11/2025 0.02 4,705.99 CR"
2025-11-11,UBER *TRIP HELP.UBER.C 14518236738,Card xx0018 | Value Date 09/11/2025,Transport,-3.00,3.00,0.00,4702.99,2025-11,High confidence,4,"11 Nov UBER *TRIP HELP.UBER.C 14518236738 AU AU | Card xx0018 | Value Date 09/11/2025 3.00 4,702.99 CR"
2025-11-11,GREENHOUSE KIRRIBILLI Kirribilli NS,Card xx0018 | Value Date 09/11/2025,Other,-43.20,43.20,0.00,4659.79,2025-11,High confidence,4,"11 Nov GREENHOUSE KIRRIBILLI Kirribilli NS AUS | Card xx0018 | Value Date 09/11/2025 43.20 4,659.79 CR"
2025-11-11,UBER *TRIP HELP.UBER.C 14518236738,Card xx0018 | Value Date 09/11/2025,Transport,-12.75,12.75,0.00,4647.04,2025-11,High confidence,4,"11 Nov UBER *TRIP HELP.UBER.C 14518236738 AU AU | V06.00.37 | Card xx0018 | Value Date 09/11/2025 12.75 4,647.04 CR"
2025-11-11,BWS LIQUOR 1653 KIRRIBILLI NS AUS,Card xx0018 | Value Date 09/11/2025,Dining & Coffee,-6.50,6.50,0.00,4640.54,2025-11,High confidence,4,"11 Nov BWS LIQUOR 1653 KIRRIBILLI NS AUS | Card xx0018 | SL.R3.S141.D338.O Value Date 09/11/2025 6.50 4,640.54 CR"
2025-11-11,UBER *TRIP HELP.UBER.C 14518236738,Card xx0018 | Value Date 09/11/2025,Transport,-16.03,16.03,0.00,4624.51,2025-11,High confidence,4,"11 Nov UBER *TRIP HELP.UBER.C 14518236738 AU AU | Card xx0018 | Value Date 09/11/2025 16.03 4,624.51 CR | 0303"
2025-11-11,COLES 0784 DEE WHY 02 AUS,Card xx0018 | Value Date 07/11/2025,Groceries,-64.39,64.39,0.00,4560.12,2025-11,High confidence,4,"11 Nov COLES 0784 DEE WHY 02 AUS | Card xx0018 | ZZ258R3 | Value Date 07/11/2025 64.39 4,560.12 CR"
2025-11-11,GARDENIA ESPRESSO SYDNEY NS AUS,Card xx0018 | Value Date 07/11/2025,Dining & Coffee,-11.50,11.50,0.00,4548.62,2025-11,High confidence,4,"11 Nov GARDENIA ESPRESSO SYDNEY NS AUS | Card xx0018 | 3162.10485.2.6 Value Date 07/11/2025 11.50 4,548.62 CR"
2025-11-11,B5 Cafe Narraweena NS AUS,Card xx0018 | Value Date 08/11/2025,Dining & Coffee,-22.73,22.73,0.00,4525.89,2025-11,High confidence,4,"11 Nov B5 Cafe Narraweena NS AUS | Card xx0018 | Value Date 08/11/2025 22.73 4,525.89 CR"
2025-11-11,UBER *EATS HELP.UBER.C Sydney AU,Card xx0018 | Value Date 07/11/2025,Other,-258.58,258.58,0.00,4267.31,2025-11,High confidence,4,"11 Nov UBER *EATS HELP.UBER.C Sydney AU AUS | Card xx0018 | Value Date 07/11/2025 258.58 4,267.31 CR"
2025-11-11,LOCALI BY ROMEOS SYDNEY NS AUS,Card xx0018 | Value Date 07/11/2025,Other,-17.88,17.88,0.00,4249.43,2025-11,High confidence,4,"11 Nov LOCALI BY ROMEOS SYDNEY NS AUS | Card xx0018 | Value Date 07/11/2025 17.88 4,249.43 CR"
2025-11-11,SMP*Hero Sushi Dee Why Dee Why02,,Dining & Coffee,-4.55,4.55,0.00,4244.88,2025-11,High confidence,4,"11 Nov SMP*Hero Sushi Dee Why Dee Why02 AU 4.55 4,244.88 CR"
2025-11-11,COLES 0784 DEE WHY AU,,Groceries,-6.30,6.30,0.00,4238.58,2025-11,High confidence,4,"11 Nov COLES 0784 DEE WHY AU 6.30 4,238.58 CR"
2025-11-12,DD *DOORDASH OPORTO MELBOURNE,Card xx6220 | Value Date 10/11/2025,Other,-7.00,7.00,0.00,4231.58,2025-11,High confidence,4,"12 Nov DD *DOORDASH OPORTO MELBOURNE VI AUS | Card xx6220 | Value Date 10/11/2025 7.00 4,231.58 CR"
2025-11-12,NEXGEN PHARMA CASTLE HILL NS AUS,Card xx6220 | Value Date 10/11/2025,Health & Pharmacy,-305.00,305.00,0.00,3926.58,2025-11,High confidence,5,"12 Nov NEXGEN PHARMA CASTLE HILL NS AUS | Card xx6220 | Value Date 10/11/2025 305.00 3,926.58 CR"
2025-11-12,TRANSPORTFORNSW TAP SYDNEY AUS,Card xx0018 | Value Date 10/11/2025,Transport,-4.03,4.03,0.00,3922.55,2025-11,High confidence,5,"12 Nov TRANSPORTFORNSW TAP SYDNEY AUS | Card xx0018 | Value Date 10/11/2025 4.03 3,922.55 CR"
2025-11-12,OH MATCHA SYDNEY AUS,Card xx0018 | Value Date 10/11/2025,Other,-7.31,7.31,0.00,3915.24,2025-11,High confidence,5,"12 Nov OH MATCHA SYDNEY AUS | Card xx0018 | Value Date 10/11/2025 7.31 3,915.24 CR"
2025-11-12,MARGOT ESPRESSO SYDNEY NS AUS,Card xx0018 | Value Date 10/11/2025 | MARKET ST CAFE SYDNEY NS AUS | Card xx0018 | Value Date 10/11/2025,Dining & Coffee,-4.08,4.08,0.00,3911.16,2025-11,High confidence,5,"12 Nov MARGOT ESPRESSO SYDNEY NS AUS | Card xx0018 | Value Date 10/11/2025 4.08 3,911.16 CR | =àXOÌ3) 12 Nov 2 MARKET ST CAFE SYDNEY NS AUS | Card xx0018 | Value Date 10/11/2025 4.50 3,906.66 CR"
2025-11-12,SQ *Y'NO DY Dee Why AU,,Other,-9.00,9.00,0.00,3902.16,2025-11,"Amount mismatch: columns -4.50, balance delta -9.00; used balance",5,"12 Nov SQ *Y'NO DY Dee Why AU 4.50 3,902.16 CR"
2025-11-12,SUPERB SUNNY PTY LTD Sydney AU,,Other,-7.40,7.40,0.00,3894.76,2025-11,High confidence,5,"12 Nov SUPERB SUNNY PTY LTD Sydney AU 7.40 3,894.76 CR"
2025-11-12,SMP*Hero Sushi Dee Why Dee Why02,,Dining & Coffee,-4.55,4.55,0.00,3890.21,2025-11,High confidence,5,"12 Nov SMP*Hero Sushi Dee Why Dee Why02 AU 4.55 3,890.21 CR"
2025-11-12,Direct Debit 507156 MBAUDPayments,AMBITIONS_TP9cGCtc,Fitness & Memberships,-68.00,68.00,0.00,3822.21,2025-11,High confidence,5,"12 Nov Direct Debit 507156 MBAUDPayments | AMBITIONS_TP9cGCtc 68.00 3,822.21 CR"
2025-11-13,FLYING HAT SYDNEY AUS,Card xx0018 | Value Date 11/11/2025,Other,-12.13,12.13,0.00,3810.08,2025-11,High confidence,5,"13 Nov FLYING HAT SYDNEY AUS | Card xx0018 | Value Date 11/11/2025 12.13 3,810.08 CR"
2025-11-13,MARGOT ESPRESSO SYDNEY NS AUS,Card xx0018 | Value Date 11/11/2025,Dining & Coffee,-4.08,4.08,0.00,3806.00,2025-11,High confidence,5,"13 Nov MARGOT ESPRESSO SYDNEY NS AUS | Card xx0018 | V06.00.37 | Value Date 11/11/2025 4.08 3,806.00 CR"
2025-11-13,IGA DEE WHY L0347 DEE WHY NS AUS,Card xx0018 | Value Date 11/11/2025,Groceries,-3.09,3.09,0.00,3802.91,2025-11,High confidence,5,"13 Nov IGA DEE WHY L0347 DEE WHY NS AUS | Card xx0018 | Value Date 11/11/2025 3.09 3,802.91 CR | SL.R3.S141.D338.O"
2025-11-13,WOOLWORTHS 1472 DEE WHY NS AUS,Card xx0018 | Value Date 11/11/2025 | SQ *THE SNEAKER LAUNDR Sydney AU,Groceries,-2.20,2.20,0.00,3800.71,2025-11,High confidence,5,"13 Nov WOOLWORTHS 1472 DEE WHY NS AUS | Card xx0018 | Value Date 11/11/2025 2.20 3,800.71 CR | 0303 13 Nov SQ *THE SNEAKER LAUNDR Sydney AU 14.18 3,786.53 CR"
2025-11-13,Direct Debit 518073 Crunch Fitness -,EZYPAYID_81315353,Fitness & Memberships,-55.08,55.08,0.00,3745.63,2025-11,"Amount mismatch: columns -40.90, balance delta -55.08; used balance",5,"13 Nov Direct Debit 518073 Crunch Fitness - | ZZ258R3 EZYPAYID_81315353 40.90 3,745.63 CR"
2025-11-14,ALLIANCE PEST SOLUTION NARWEE,Card xx0018 | Value Date 12/11/2025,Home & Household,-198.00,198.00,0.00,3547.63,2025-11,High confidence,5,"14 Nov ALLIANCE PEST SOLUTION NARWEE AUS | Card xx0018 | Value Date 12/11/2025 198.00 3,547.63 CR | 3162.10486.3.6"
2025-11-14,HOLEY MOLEY AUSTRALIA ABBOTSFORD,Card xx0018 | Value Date 13/11/2025,Other,-80.58,80.58,0.00,3467.05,2025-11,High confidence,5,"14 Nov HOLEY MOLEY AUSTRALIA ABBOTSFORD VI AUS | Card xx0018 | Value Date 13/11/2025 80.58 3,467.05 CR"
2025-11-14,KFC Sydney Central Sydney Centra AU,Card xx0018 | Value Date 12/11/2025,Dining & Coffee,-8.95,8.95,0.00,3458.10,2025-11,High confidence,5,"14 Nov KFC Sydney Central Sydney Centra AU AUS | Card xx0018 | Value Date 12/11/2025 8.95 3,458.10 CR"
2025-11-14,SQ *SACREBLEU | CANELE dee why AU,,Dining & Coffee,-8.62,8.62,0.00,3449.48,2025-11,High confidence,5,"14 Nov SQ *SACREBLEU | CANELE dee why AU 8.62 3,449.48 CR"
2025-11-14,LS Supa Fresh Pty Ltd Sydney AU,,Other,-6.62,6.62,0.00,3442.86,2025-11,High confidence,5,"14 Nov LS Supa Fresh Pty Ltd Sydney AU 6.62 3,442.86 CR"
2025-11-14,SQ *SKITTLE LANE Sydney AU,,Dining & Coffee,-17.74,17.74,0.00,3425.12,2025-11,High confidence,5,"14 Nov SQ *SKITTLE LANE Sydney AU 17.74 3,425.12 CR"
2025-11-14,Bar Lucia Potts Point AU,,Other,-79.17,79.17,0.00,3345.95,2025-11,High confidence,5,"14 Nov Bar Lucia Potts Point AU 79.17 3,345.95 CR"
2025-11-15,MARGOT ESPRESSO SYDNEY NS AUS,Card xx0018 | Value Date 13/11/2025 | MARKET ST CAFE SYDNEY NS AUS | Card xx0018 | Value Date 13/11/2025,Dining & Coffee,-4.08,4.08,0.00,3341.87,2025-11,High confidence,5,"15 Nov MARGOT ESPRESSO SYDNEY NS AUS | Card xx0018 | Value Date 13/11/2025 4.08 3,341.87 CR | 15 Nov 2 MARKET ST CAFE SYDNEY NS AUS | Card xx0018 | Value Date 13/11/2025 4.50 3,337.37 CR"
2025-11-15,SQ *WILBUR'S DELI - BR Brookvale AU,,Dining & Coffee,-18.50,18.50,0.00,3323.37,2025-11,"Amount mismatch: columns -14.00, balance delta -18.50; used balance",6,"15 Nov SQ *WILBUR'S DELI - BR Brookvale AU 14.00 3,323.37 CR"
2025-11-15,Lindt Australia Brookvale AU,,Other,-4.80,4.80,0.00,3318.57,2025-11,High confidence,6,"15 Nov Lindt Australia Brookvale AU 4.80 3,318.57 CR"
2025-11-15,CHA MS PTY LTD Brookvale AU,,Other,-7.01,7.01,0.00,3311.56,2025-11,High confidence,6,"15 Nov CHA MS PTY LTD Brookvale AU 7.01 3,311.56 CR"
2025-11-15,COLES 0784 DEE WHY AU,,Groceries,-18.70,18.70,0.00,3292.86,2025-11,High confidence,6,"15 Nov COLES 0784 DEE WHY AU 18.70 3,292.86 CR"
2025-11-16,SQ *FRENCH BASKET Dee Why AU,,Other,-13.15,13.15,0.00,3279.71,2025-11,High confidence,6,"16 Nov SQ *FRENCH BASKET Dee Why AU 13.15 3,279.71 CR"
2025-11-16,Subway Dee Why 7 Oaks AvenueAU,,Dining & Coffee,-2.95,2.95,0.00,3276.76,2025-11,High confidence,6,"16 Nov Subway Dee Why 7 Oaks AvenueAU 2.95 3,276.76 CR"
2025-11-17,Direct Debit 545383 Telstra Services,eak10r10,Utilities & Phone,-70.00,70.00,0.00,3206.76,2025-11,High confidence,6,"17 Nov Direct Debit 545383 Telstra Services | eak10r10 70.00 3,206.76 CR"
2025-11-18,TRANSPORTFORNSW OPAL CHIPPENDALE,Card xx6220 | Value Date 16/11/2025,Transport,-60.00,60.00,0.00,3146.76,2025-11,High confidence,6,"18 Nov TRANSPORTFORNSW OPAL CHIPPENDALE AUS | Card xx6220 | Value Date 16/11/2025 60.00 3,146.76 CR"
2025-11-18,DD *DOORDASH OPORTO MELBOURNE,Card xx6220 | Value Date 13/11/2025,Other,-5.50,5.50,0.00,3141.26,2025-11,High confidence,6,"18 Nov DD *DOORDASH OPORTO MELBOURNE VI AUS | Card xx6220 | Value Date 13/11/2025 5.50 3,141.26 CR"
2025-11-18,SQ *SKITTLE LANE Sydney AU,,Dining & Coffee,-17.74,17.74,0.00,3123.52,2025-11,High confidence,6,"18 Nov SQ *SKITTLE LANE Sydney AU 17.74 3,123.52 CR"
2025-11-18,TRANSPORTFORNSW TAP SYDNEY AUS,Card xx0018 | Value Date 16/11/2025,Transport,-6.34,6.34,0.00,3117.18,2025-11,High confidence,6,"18 Nov TRANSPORTFORNSW TAP SYDNEY AUS | Card xx0018 | Value Date 16/11/2025 6.34 3,117.18 CR"
2025-11-18,HFM MONA VALE QPS MONA VALE AUS,Card xx0018 | Value Date 16/11/2025,Groceries,-13.34,13.34,0.00,3103.84,2025-11,High confidence,6,"18 Nov HFM MONA VALE QPS MONA VALE AUS | Card xx0018 | Value Date 16/11/2025 13.34 3,103.84 CR"
2025-11-18,COTTON ON 2110 WARRINGAH NS AUS,Card xx0018 | Value Date 15/11/2025,Shopping,-32.00,32.00,0.00,3071.84,2025-11,High confidence,6,"18 Nov COTTON ON 2110 WARRINGAH NS AUS | Card xx0018 | Value Date 15/11/2025 32.00 3,071.84 CR | V06.00.37"
2025-11-18,The Vicars Daughters Collaroy AU AUS,Card xx0018 | Value Date 16/11/2025,Other,-7.62,7.62,0.00,3064.22,2025-11,High confidence,6,"18 Nov The Vicars Daughters Collaroy AU AUS | Card xx0018 | Value Date 16/11/2025 7.62 3,064.22 CR"
2025-11-18,FLANNERYS MONA VALE Mona Vale AU,Card xx0018 | Value Date 16/11/2025,Groceries,-19.57,19.57,0.00,3044.65,2025-11,High confidence,6,"18 Nov FLANNERYS MONA VALE Mona Vale AU AUS | SL.R3.S141.D338.O | Card xx0018 | Value Date 16/11/2025 19.57 3,044.65 CR"
2025-11-18,WOOLWORTHS 1472 DEE WHY NS AUS,Card xx0018 | Value Date 16/11/2025 | TRANSPORTFORNSW TAP SYDNEY AUS | Card xx0018 | Value Date 15/11/2025,Groceries,-15.50,15.50,0.00,3029.15,2025-11,High confidence,6,"18 Nov WOOLWORTHS 1472 DEE WHY NS AUS | 0303 Card xx0018 | Value Date 16/11/2025 15.50 3,029.15 CR | ZZ258R3 18 Nov TRANSPORTFORNSW TAP SYDNEY AUS | Card xx0018 | Value Date 15/11/2025 4.03 3,025.12 CR"
2025-11-18,JOHNNYGIOSPIZ* DEE WHY MARSDEN,Card xx0018 | Value Date 15/11/2025,Dining & Coffee,-16.54,16.54,0.00,3012.61,2025-11,"Amount mismatch: columns -12.51, balance delta -16.54; used balance",6,"18 Nov JOHNNYGIOSPIZ* DEE WHY MARSDEN PARK NS A | 3162.10486.3.6 | Card xx0018 | Value Date 15/11/2025 12.51 3,012.61 CR"
2025-11-18,TIYEB STORE PTY LTD SYDNEY NS AUS,Card xx0018 | Value Date 14/11/2025,Groceries,-5.04,5.04,0.00,3007.57,2025-11,High confidence,6,"18 Nov TIYEB STORE PTY LTD SYDNEY NS AUS | Card xx0018 | Value Date 14/11/2025 5.04 3,007.57 CR"
2025-11-18,SUSHI HUB QVB SYDNEY NS AUS,Card xx0018 | Value Date 13/11/2025,Dining & Coffee,-9.00,9.00,0.00,2998.57,2025-11,High confidence,6,"18 Nov SUSHI HUB QVB SYDNEY NS AUS | Card xx0018 | Value Date 13/11/2025 9.00 2,998.57 CR"
2025-11-18,B5 Cafe Narraweena NS AUS,Card xx0018 | Value Date 15/11/2025,Dining & Coffee,-18.66,18.66,0.00,2979.91,2025-11,High confidence,6,"18 Nov B5 Cafe Narraweena NS AUS | Card xx0018 | Value Date 15/11/2025 18.66 2,979.91 CR"
2025-11-18,Guzman Y Gomez Surry Hills AU AUS,Card xx0018 | Value Date 14/11/2025,Dining & Coffee,-11.80,11.80,0.00,2968.11,2025-11,High confidence,6,"18 Nov Guzman Y Gomez Surry Hills AU AUS | Card xx0018 | Value Date 14/11/2025 11.80 2,968.11 CR"
2025-11-18,Northen Beaches Denta DEE WHY AUS,Card xx0018 | Value Date 14/11/2025,Other,-11.77,11.77,0.00,2956.34,2025-11,High confidence,6,"18 Nov Northen Beaches Denta DEE WHY AUS | Card xx0018 | Value Date 14/11/2025 11.77 2,956.34 CR"
2025-11-18,Subway Kent 24 Market StrAU,,Dining & Coffee,-6.00,6.00,0.00,2950.34,2025-11,High confidence,7,"18 Nov Subway Kent 24 Market StrAU 6.00 2,950.34 CR"
2025-11-18,SMP*Hero Sushi Dee Why Dee Why02,,Dining & Coffee,-5.05,5.05,0.00,2945.29,2025-11,High confidence,7,"18 Nov SMP*Hero Sushi Dee Why Dee Why02 AU 5.05 2,945.29 CR"
2025-11-19,Fast Transfer From AMAZON COMMERCIAL,Salary NOVEMBER 2025 | PDY003326296642,Transfer In,0.01,0.00,0.01,2945.30,2025-11,High confidence,7,"19 Nov Fast Transfer From AMAZON COMMERCIAL SER | Salary NOVEMBER 2025 | PDY003326296642 0.01 2,945.30 CR"
2025-11-19,TRANSPORTFORNSW TAP SYDNEY AUS,Card xx0018 | Value Date 17/11/2025,Transport,-8.06,8.06,0.00,2937.24,2025-11,High confidence,7,"19 Nov TRANSPORTFORNSW TAP SYDNEY AUS | Card xx0018 | Value Date 17/11/2025 8.06 2,937.24 CR"
2025-11-19,SUSHI N PLUS PTY LTD SYDNEY AUS,Card xx0018 | Value Date 17/11/2025,Dining & Coffee,-8.10,8.10,0.00,2929.14,2025-11,High confidence,7,"19 Nov SUSHI N PLUS PTY LTD SYDNEY AUS | Card xx0018 | Value Date 17/11/2025 8.10 2,929.14 CR"
2025-11-19,MARGOT ESPRESSO SYDNEY NS AUS,Card xx0018 | Value Date 17/11/2025,Dining & Coffee,-4.08,4.08,0.00,2925.06,2025-11,High confidence,7,"19 Nov MARGOT ESPRESSO SYDNEY NS AUS | =àXOÌ4) | Card xx0018 | Value Date 17/11/2025 4.08 2,925.06 CR"
2025-11-19,SQ *SACREBLEU | CANELE dee why AU,,Dining & Coffee,-9.44,9.44,0.00,2915.62,2025-11,High confidence,7,"19 Nov SQ *SACREBLEU | CANELE dee why AU 9.44 2,915.62 CR"
2025-11-19,SQ *T TOTALER Sydney AU,,Dining & Coffee,-9.65,9.65,0.00,2905.97,2025-11,High confidence,7,"19 Nov SQ *T TOTALER Sydney AU 9.65 2,905.97 CR"
2025-11-19,Subway Dee Why 7 Oaks AvenueAU,,Dining & Coffee,-2.95,2.95,0.00,2903.02,2025-11,High confidence,7,"19 Nov Subway Dee Why 7 Oaks AvenueAU 2.95 2,903.02 CR"
2025-11-19,Direct Debit 507156 MBAUDPayments,AMBITIONS_TRmCbip5,Fitness & Memberships,-68.00,68.00,0.00,2835.02,2025-11,High confidence,7,"19 Nov Direct Debit 507156 MBAUDPayments | AMBITIONS_TRmCbip5 68.00 2,835.02 CR"
2025-11-20,DEFT REAL ESTATE NetBank BPAY 4481,0053436473 Rent may 9 to 23,Housing - Rent,-1700.00,1700.00,0.00,1135.02,2025-11,High confidence,7,"20 Nov DEFT REAL ESTATE NetBank BPAY 4481 | 0053436473 Rent may 9 to 23 1,700.00 1,135.02 CR"
2025-11-20,SQ *Y'NO DY Dee Why AU,,Other,-4.50,4.50,0.00,1130.52,2025-11,High confidence,7,"20 Nov SQ *Y'NO DY Dee Why AU 4.50 1,130.52 CR"
2025-11-21,TIYEB STORE PTY LTD SYDNEY NS AUS,Card xx0018 | Value Date 19/11/2025,Groceries,-5.04,5.04,0.00,1125.48,2025-11,High confidence,7,"21 Nov TIYEB STORE PTY LTD SYDNEY NS AUS | Card xx0018 | V06.00.37 | Value Date 19/11/2025 5.04 1,125.48 CR"
2025-11-21,THE J ROOM HAIR DEE WHY AU,,Beauty & Personal Care,-115.00,115.00,0.00,1010.48,2025-11,High confidence,7,"21 Nov THE J ROOM HAIR DEE WHY AU 115.00 1,010.48 CR"
2025-11-21,KANO ZEPHYR PTY LIMITEDKADEE WHY,FLYING HAT SYDNEY AUS | Card xx0018 | Value Date 20/11/2025,Dining & Coffee,-24.00,24.00,0.00,986.48,2025-11,High confidence,7,21 Nov KANO ZEPHYR PTY LIMITEDKADEE WHY AU 24.00 986.48 CR | SL.R3.S141.D338.O 22 Nov FLYING HAT SYDNEY AUS | Card xx0018 | Value Date 20/11/2025 12.13 974.35 CR
2025-11-22,GARDENIA ESPRESSO SYDNEY NS AUS,Card xx0018 | Value Date 20/11/2025,Dining & Coffee,-20.13,20.13,0.00,966.35,2025-11,"Amount mismatch: columns -8.00, balance delta -20.13; used balance",7,22 Nov GARDENIA ESPRESSO SYDNEY NS AUS | 0303 Card xx0018 | Value Date 20/11/2025 8.00 966.35 CR | ZZ258R3
2025-11-22,Grilld Pty Ltd Richmond AU AUS,Card xx0018 | Value Date 20/11/2025 | BRISTOL ARMS HOTEL SYDNEY NS AUS | Card xx0018 | Value Date 20/11/2025,Dining & Coffee,-16.80,16.80,0.00,949.55,2025-11,High confidence,7,22 Nov Grilld Pty Ltd Richmond AU AUS | Card xx0018 | Value Date 20/11/2025 16.80 949.55 CR | 3162.10487.4.6 22 Nov BRISTOL ARMS HOTEL SYDNEY NS AUS | Card xx0018 | Value Date 20/11/2025 18.18 931.37 CR
2025-11-22,BRISTOL ARMS HOTEL SYDNEY NS AUS,Card xx0018 | Value Date 20/11/2025,Other,-30.30,30.30,0.00,919.25,2025-11,"Amount mismatch: columns -12.12, balance delta -30.30; used balance",7,22 Nov BRISTOL ARMS HOTEL SYDNEY NS AUS | Card xx0018 | Value Date 20/11/2025 12.12 919.25 CR
2025-11-22,SQ *Y'NO DY Dee Why AU,,Other,-4.50,4.50,0.00,914.75,2025-11,High confidence,7,22 Nov SQ *Y'NO DY Dee Why AU 4.50 914.75 CR
2025-11-22,Silvios Cafe & Cucina Wheeler HeighAU,,Dining & Coffee,-27.90,27.90,0.00,886.85,2025-11,High confidence,7,22 Nov Silvios Cafe & Cucina Wheeler HeighAU 27.90 886.85 CR
2025-11-22,Silvios Cafe & Cucina Wheeler HeighAU,,Dining & Coffee,-4.00,4.00,0.00,882.85,2025-11,High confidence,7,22 Nov Silvios Cafe & Cucina Wheeler HeighAU 4.00 882.85 CR
2025-11-24,SQ *ALL PURPOSE BAKERY Sydney AU,,Dining & Coffee,-9.60,9.60,0.00,873.25,2025-11,High confidence,7,24 Nov SQ *ALL PURPOSE BAKERY Sydney AU 9.60 873.25 CR
2025-11-24,SQ *EAT ISTANBUL WESTF SYDNEY AU,,Other,-16.21,16.21,0.00,857.04,2025-11,High confidence,7,24 Nov SQ *EAT ISTANBUL WESTF SYDNEY AU 16.21 857.04 CR
2025-11-24,Subway Dee Why 7 Oaks AvenueAU,,Dining & Coffee,-8.00,8.00,0.00,849.04,2025-11,High confidence,7,24 Nov Subway Dee Why 7 Oaks AvenueAU 8.00 849.04 CR
2025-11-25,Transfer To Anushri Kohli,CommBank App Advent calendar,Transfer Out,-30.00,30.00,0.00,819.04,2025-11,High confidence,7,25 Nov Transfer To Anushri Kohli | CommBank App Advent calendar 30.00 819.04 CR
2025-11-25,TRANSPORTFORNSW TAP SYDNEY AUS,Card xx0018 | Value Date 23/11/2025,Transport,-2.31,2.31,0.00,816.73,2025-11,High confidence,8,25 Nov TRANSPORTFORNSW TAP SYDNEY AUS | Card xx0018 | Value Date 23/11/2025 2.31 816.73 CR
2025-11-25,Guzman Y Gomez Surry Hills AU AUS,Card xx0018 | Value Date 23/11/2025,Dining & Coffee,-11.80,11.80,0.00,804.93,2025-11,High confidence,8,25 Nov Guzman Y Gomez Surry Hills AU AUS | Card xx0018 | Value Date 23/11/2025 11.80 804.93 CR
2025-11-25,B5 Cafe Narraweena NS AUS,Card xx0018 | Value Date 23/11/2025,Dining & Coffee,-20.19,20.19,0.00,784.74,2025-11,High confidence,8,25 Nov B5 Cafe Narraweena NS AUS | Card xx0018 | Value Date 23/11/2025 20.19 784.74 CR
2025-11-25,COLES 0784 DEE WHY 02 AUS,Card xx0018 | Value Date 22/11/2025,Groceries,-9.00,9.00,0.00,775.74,2025-11,High confidence,8,25 Nov COLES 0784 DEE WHY 02 AUS | Card xx0018 | Value Date 22/11/2025 9.00 775.74 CR
2025-11-25,COLES 0784 DEE WHY 02 AUS,Card xx0018 | Value Date 22/11/2025,Groceries,-10.50,10.50,0.00,765.24,2025-11,High confidence,8,25 Nov COLES 0784 DEE WHY 02 AUS | Card xx0018 | Value Date 22/11/2025 10.50 765.24 CR
2025-11-25,UBER *EATS HELP.UBER.C Sydney AU,Card xx0018 | Value Date 22/11/2025,Other,-24.00,24.00,0.00,741.24,2025-11,High confidence,8,25 Nov UBER *EATS HELP.UBER.C Sydney AU AUS | Card xx0018 | Value Date 22/11/2025 24.00 741.24 CR
2025-11-25,PARADISE BLUE FRUIT AN FRESHWATER,Card xx0018 | Value Date 22/11/2025,Other,-8.03,8.03,0.00,733.21,2025-11,High confidence,8,25 Nov PARADISE BLUE FRUIT AN FRESHWATER AU AUS | Card xx0018 | Value Date 22/11/2025 8.03 733.21 CR
2025-11-25,BILLY BUTTON ESPRESSO Dee Why NS,Card xx0018 | Value Date 21/11/2025,Dining & Coffee,-19.73,19.73,0.00,713.48,2025-11,High confidence,8,25 Nov BILLY BUTTON ESPRESSO Dee Why NS AUS | Card xx0018 | Value Date 21/11/2025 19.73 713.48 CR
2025-11-25,PARADISE BLUE FRUIT AN FRESHWATER,Card xx0018 | Value Date 21/11/2025,Other,-8.03,8.03,0.00,705.45,2025-11,High confidence,8,25 Nov PARADISE BLUE FRUIT AN FRESHWATER AU AUS | Card xx0018 | V06.00.37 | Value Date 21/11/2025 8.03 705.45 CR
2025-11-25,SQ *KAHII Sydney AU,,Other,-9.14,9.14,0.00,696.31,2025-11,High confidence,8,25 Nov SQ *KAHII Sydney AU 9.14 696.31 CR
2025-11-25,Subway Kent 24 Market StrAU,TRANSPORTFORNSW OPAL CHIPPENDALE | Card xx6220 | Value Date 24/11/2025,Dining & Coffee,-6.00,6.00,0.00,690.31,2025-11,High confidence,8,25 Nov Subway Kent 24 Market StrAU 6.00 690.31 CR | SL.R3.S141.D338.O 26 Nov TRANSPORTFORNSW OPAL CHIPPENDALE AUS | Card xx6220 | Value Date 24/11/2025 60.00 630.31 CR
2025-11-26,FLYING HAT SYDNEY AUS,Card xx0018 | Value Date 24/11/2025,Other,-66.07,66.07,0.00,624.24,2025-11,"Amount mismatch: columns -6.07, balance delta -66.07; used balance",8,26 Nov FLYING HAT SYDNEY AUS | 0303 | Card xx0018 | Value Date 24/11/2025 6.07 624.24 CR | ZZ258R3
2025-11-26,MARGOT ESPRESSO SYDNEY NS AUS,Card xx0018 | Value Date 24/11/2025 | DULA GROUP PTY LTD DEE WHY NS | Card xx0018 | Value Date 23/11/2025,Dining & Coffee,-4.08,4.08,0.00,620.16,2025-11,High confidence,8,26 Nov MARGOT ESPRESSO SYDNEY NS AUS | Card xx0018 | Value Date 24/11/2025 4.08 620.16 CR | 3162.10487.4.6 26 Nov DULA GROUP PTY LTD DEE WHY NS AUS | Card xx0018 | Value Date 23/11/2025 8.67 611.49 CR
2025-11-26,COLES 0784 DEE WHY 02 AUS,Card xx0018 | Value Date 23/11/2025,Groceries,-18.17,18.17,0.00,601.99,2025-11,"Amount mismatch: columns -9.50, balance delta -18.17; used balance",8,26 Nov COLES 0784 DEE WHY 02 AUS | Card xx0018 | Value Date 23/11/2025 9.50 601.99 CR
2025-11-26,SQ *CHINATOWN COUNTRY Sydney AU,,Dining & Coffee,-9.00,9.00,0.00,592.99,2025-11,High confidence,8,26 Nov SQ *CHINATOWN COUNTRY Sydney AU 9.00 592.99 CR
2025-11-26,Cross Eatry Sydney AU,,Other,-8.00,8.00,0.00,584.99,2025-11,High confidence,8,26 Nov Cross Eatry Sydney AU 8.00 584.99 CR
2025-11-26,SMP*Hero Sushi Dee Why Dee Why02,,Dining & Coffee,-5.05,5.05,0.00,579.94,2025-11,High confidence,8,26 Nov SMP*Hero Sushi Dee Why Dee Why02 AU 5.05 579.94 CR
2025-11-26,Direct Debit 507156 MBAUDPayments,AMBITIONS_TUPm6sTt,Fitness & Memberships,-68.00,68.00,0.00,511.94,2025-11,High confidence,8,26 Nov Direct Debit 507156 MBAUDPayments | AMBITIONS_TUPm6sTt 68.00 511.94 CR
2025-11-27,FLYING HAT SYDNEY AUS,Card xx0018 | Value Date 25/11/2025,Other,-8.09,8.09,0.00,503.85,2025-11,High confidence,8,27 Nov FLYING HAT SYDNEY AUS | Card xx0018 | Value Date 25/11/2025 8.09 503.85 CR
2025-11-27,MARGOT ESPRESSO SYDNEY NS AUS,Card xx0018 | Value Date 25/11/2025,Dining & Coffee,-4.08,4.08,0.00,499.77,2025-11,High confidence,8,27 Nov MARGOT ESPRESSO SYDNEY NS AUS | Card xx0018 | Value Date 25/11/2025 4.08 499.77 CR
2025-11-27,Grilld Pty Ltd Richmond AU AUS,Card xx0018 | Value Date 25/11/2025,Dining & Coffee,-16.80,16.80,0.00,482.97,2025-11,High confidence,9,27 Nov Grilld Pty Ltd Richmond AU AUS | Card xx0018 | Value Date 25/11/2025 16.80 482.97 CR
2025-11-27,SQ *CHINATOWN COUNTRY Sydney AU,,Dining & Coffee,-9.00,9.00,0.00,473.97,2025-11,High confidence,9,27 Nov SQ *CHINATOWN COUNTRY Sydney AU 9.00 473.97 CR
2025-11-27,Direct Credit 158824 AMAZON COMML,PDY003362176392,Income - Recurring Direct Credit,8291.61,0.00,8291.61,8765.58,2025-11,High confidence,9,"27 Nov Direct Credit 158824 AMAZON COMML SEV | PDY003362176392 8,291.61 8,765.58 CR"
2025-11-27,SQ *CHINATOWN COUNTRY Sydney AU,,Dining & Coffee,-8.00,8.00,0.00,8757.58,2025-11,High confidence,9,"27 Nov SQ *CHINATOWN COUNTRY Sydney AU 8.00 8,757.58 CR"
2025-11-27,MUJI RETAIL AUSTRAL SYDNEY AU,,Shopping,-59.85,59.85,0.00,8697.73,2025-11,High confidence,9,"27 Nov MUJI RETAIL AUSTRAL SYDNEY AU 59.85 8,697.73 CR"
2025-11-27,Direct Debit 518073 Crunch Fitness -,EZYPAYID_82280598,Fitness & Memberships,-40.90,40.90,0.00,8656.83,2025-11,High confidence,9,"27 Nov Direct Debit 518073 Crunch Fitness - | EZYPAYID_82280598 40.90 8,656.83 CR"
2025-11-27,Direct Credit 158824 AMAZON COMMERCIA,FCS003363721372,Income - Recurring Direct Credit,600.98,0.00,600.98,9257.81,2025-11,High confidence,9,"27 Nov Direct Credit 158824 AMAZON COMMERCIA | FCS003363721372 600.98 9,257.81 CR | =àXOÌ5)"
2025-11-27,IMT 1200002130485 Emily Paula Klobuchar,REF K035401821052 | USD 801.34000 Rate 0.6285,Transfer Out,-1275.00,1275.00,0.00,7982.81,2025-11,High confidence,9,"27 Nov IMT 1200002130485 Emily Paula Klobuchar | REF K035401821052 | USD 801.34000 Rate 0.6285 1,275.00 7,982.81 CR"
2025-11-28,Espresso on Kent Sydney NS AUS,Card xx0018 | Value Date 26/11/2025,Dining & Coffee,-8.00,8.00,0.00,7974.81,2025-11,High confidence,9,"28 Nov Espresso on Kent Sydney NS AUS | Card xx0018 | Value Date 26/11/2025 8.00 7,974.81 CR"
2025-11-28,SQ *SKITTLE LANE Sydney AU,,Dining & Coffee,-15.72,15.72,0.00,7959.09,2025-11,High confidence,9,"28 Nov SQ *SKITTLE LANE Sydney AU 15.72 7,959.09 CR"
2025-11-28,SQ *BANDS OF COURAGE Ultimo AU,,Other,-35.00,35.00,0.00,7924.09,2025-11,High confidence,9,"28 Nov SQ *BANDS OF COURAGE Ultimo AU 35.00 7,924.09 CR"
2025-11-28,The Baxter Inn Sydney AU,,Other,-36.63,36.63,0.00,7887.46,2025-11,High confidence,9,"28 Nov The Baxter Inn Sydney AU 36.63 7,887.46 CR"
2025-11-28,Bar Topa Ivy Sydney AU,,Other,-90.95,90.95,0.00,7796.51,2025-11,High confidence,9,"28 Nov Bar Topa Ivy Sydney AU 90.95 7,796.51 CR"
2025-11-29,DD *DOORDASH FRANGOCHA MELBOURNE,Card xx6220 | Value Date 27/11/2025,Other,-342.40,342.40,0.00,7454.11,2025-11,High confidence,9,"29 Nov DD *DOORDASH FRANGOCHA MELBOURNE VI AUS | Card xx6220 | V06.00.37 | Value Date 27/11/2025 342.40 7,454.11 CR"
2025-11-29,BODY SYDNEY 2442 SYDNEY NS AUS,Card xx0018 | Value Date 27/11/2025,Other,-47.49,47.49,0.00,7406.62,2025-11,High confidence,9,"29 Nov BODY SYDNEY 2442 SYDNEY NS AUS | Card xx0018 | Value Date 27/11/2025 47.49 7,406.62 CR | SL.R3.S141.D338.O"
2025-11-29,Joji Sydney AU AUS,Card xx0018 | Value Date 27/11/2025 | Hide Out Dee Why AU,Other,-138.75,138.75,0.00,7267.87,2025-11,High confidence,9,"29 Nov Joji Sydney AU AUS | Card xx0018 | Value Date 27/11/2025 138.75 7,267.87 CR | 0303 29 Nov Hide Out Dee Why AU 4.60 7,263.27 CR"
2025-11-29,H&M HENNES & MAURITZ Brookvale AU,,Shopping,-29.59,29.59,0.00,7238.28,2025-11,"Amount mismatch: columns -24.99, balance delta -29.59; used balance",9,"29 Nov H&M HENNES & MAURITZ Brookvale AU 24.99 7,238.28 CR | ZZ258R3"
2025-11-29,LS WARRINGAH North Rocks AU,,Other,-11.99,11.99,0.00,7226.29,2025-11,High confidence,9,"29 Nov LS WARRINGAH North Rocks AU 11.99 7,226.29 CR"
2025-11-29,SQ *SACREBLEU | CANELE dee why AU,,Dining & Coffee,-17.76,17.76,0.00,7208.53,2025-11,High confidence,9,"29 Nov SQ *SACREBLEU | CANELE dee why AU 17.76 7,208.53 CR"
2025-11-30,Corretto Dee Why Dee Why AU,,Dining & Coffee,-5.04,5.04,0.00,7203.49,2025-11,High confidence,9,"30 Nov Corretto Dee Why Dee Why AU 5.04 7,203.49 CR | 3162.10488.5.6"
2025-12-01,SQ *SKITTLE LANE Sydney AU,,Dining & Coffee,-5.58,5.58,0.00,7197.91,2025-12,High confidence,9,"01 Dec SQ *SKITTLE LANE Sydney AU 5.58 7,197.91 CR"
2025-12-01,Fast Transfer From MISS ANUSHRI LISBON,Apple juice,Transfer In,10.00,0.00,10.00,7207.91,2025-12,High confidence,9,"01 Dec Fast Transfer From MISS ANUSHRI LISBON K | Apple juice 10.00 7,207.91 CR"
2025-12-01,Subway Dee Why 7 Oaks AvenueAU,,Dining & Coffee,-8.00,8.00,0.00,7199.91,2025-12,High confidence,9,"01 Dec Subway Dee Why 7 Oaks AvenueAU 8.00 7,199.91 CR"
2025-12-01,Direct Debit 012495 GU HEALTH D/DBT,29497443,Health & Pharmacy,-65.76,65.76,0.00,7134.15,2025-12,High confidence,9,"01 Dec Direct Debit 012495 GU HEALTH D/DBT | 29497443 65.76 7,134.15 CR"
2025-12-02,SQ *CHINATOWN COUNTRY Sydney AU,,Dining & Coffee,-9.00,9.00,0.00,7125.15,2025-12,High confidence,9,"02 Dec SQ *CHINATOWN COUNTRY Sydney AU 9.00 7,125.15 CR"
2025-12-02,BETTS WARRINGAH BROOKVALE AUS,Card xx0018 | Value Date 29/11/2025,Other,-56.99,56.99,0.00,7068.16,2025-12,High confidence,9,"02 Dec BETTS WARRINGAH BROOKVALE AUS | Card xx0018 | Value Date 29/11/2025 56.99 7,068.16 CR"
2025-12-02,COLES 0784 DEE WHY 02 AUS,Card xx0018 | Value Date 29/11/2025,Groceries,-55.19,55.19,0.00,7012.97,2025-12,High confidence,9,"02 Dec COLES 0784 DEE WHY 02 AUS | Card xx0018 | Value Date 29/11/2025 55.19 7,012.97 CR"
2025-12-02,Grilld Pty Ltd Richmond AU AUS,Card xx0018 | Value Date 30/11/2025,Dining & Coffee,-16.80,16.80,0.00,6996.17,2025-12,High confidence,9,"02 Dec Grilld Pty Ltd Richmond AU AUS | Card xx0018 | Value Date 30/11/2025 16.80 6,996.17 CR"
2025-12-02,IGA DEE WHY L0347 DEE WHY NS AUS,Card xx0018 | Value Date 30/11/2025,Groceries,-4.49,4.49,0.00,6991.68,2025-12,High confidence,10,"02 Dec IGA DEE WHY L0347 DEE WHY NS AUS | Card xx0018 | Value Date 30/11/2025 4.49 6,991.68 CR"
2025-12-02,AMPOL BROOKVALE 22683F BROOKVALE,Card xx0018 | Value Date 29/11/2025 | RETAIL GROUP PTY LTD WARRINGAH | Card xx0018 | Value Date 29/11/2025,Transport,-6.50,6.50,0.00,6985.18,2025-12,High confidence,10,"02 Dec AMPOL BROOKVALE 22683F BROOKVALE AUS | Card xx0018 | Value Date 29/11/2025 6.50 6,985.18 CR | 02 Dec W RETAIL GROUP PTY LTD WARRINGAH AUS | Card xx0018 | Value Date 29/11/2025 38.24 6,946.94 CR"
2025-12-02,ST VIN DE PAUL SOC NSW BROOKVALE,Card xx0018 | Value Date 29/11/2025,Other,-41.24,41.24,0.00,6943.94,2025-12,"Amount mismatch: columns -3.00, balance delta -41.24; used balance",10,"02 Dec ST VIN DE PAUL SOC NSW BROOKVALE AUS | Card xx0018 | Value Date 29/11/2025 3.00 6,943.94 CR"
2025-12-02,TELLO MOBILE ATLANTA GA USA,Card xx0018 USD 11.78 | Value Date 29/11/2025,Utilities & Phone,-18.10,18.10,0.00,6925.84,2025-12,High confidence,10,"02 Dec TELLO MOBILE ATLANTA GA USA | Card xx0018 USD 11.78 | Value Date 29/11/2025 18.10 6,925.84 CR"
2025-12-02,International Transaction Fee,Value Date 28/11/2025,Bank Fees,-0.63,0.63,0.00,6925.21,2025-12,High confidence,10,"02 Dec International Transaction Fee | Value Date 28/11/2025 0.63 6,925.21 CR"
2025-12-02,WOOLWORTHS 1472 DEE WHY NS AUS,Card xx0018 | Value Date 29/11/2025,Groceries,-3.00,3.00,0.00,6922.21,2025-12,High confidence,10,"02 Dec WOOLWORTHS 1472 DEE WHY NS AUS | Card xx0018 | Value Date 29/11/2025 3.00 6,922.21 CR"
2025-12-02,TRANSPORTFORNSW TAP SYDNEY AUS,Card xx0018 | Value Date 28/11/2025,Transport,-5.77,5.77,0.00,6916.44,2025-12,High confidence,10,"02 Dec TRANSPORTFORNSW TAP SYDNEY AUS | Card xx0018 | Value Date 28/11/2025 5.77 6,916.44 CR"
2025-12-02,BEESWAX WRAPS AUSTRALI OBERON,Card xx0018 | Value Date 28/11/2025,Other,-25.00,25.00,0.00,6891.44,2025-12,High confidence,10,"02 Dec BEESWAX WRAPS AUSTRALI OBERON AUS | Card xx0018 | Value Date 28/11/2025 25.00 6,891.44 CR | V06.00.37"
2025-12-02,Kamakura Wara Sydney NS AUS,Card xx0018 | Value Date 28/11/2025,Other,-8.92,8.92,0.00,6882.52,2025-12,High confidence,10,"02 Dec Kamakura Wara Sydney NS AUS | Card xx0018 | Value Date 28/11/2025 8.92 6,882.52 CR"
2025-12-02,SQ *PREFECTURE 48 Sydney AU,,Other,-19.28,19.28,0.00,6863.24,2025-12,High confidence,10,"02 Dec SQ *PREFECTURE 48 Sydney AU 19.28 6,863.24 CR | SL.R3.S141.D338.O"
2025-12-03,MARGOT ESPRESSO SYDNEY NS AUS,Card xx0018 | Value Date 01/12/2025,Dining & Coffee,-4.08,4.08,0.00,6859.16,2025-12,High confidence,10,"03 Dec MARGOT ESPRESSO SYDNEY NS AUS | Card xx0018 | Value Date 01/12/2025 4.08 6,859.16 CR | 0303"
2025-12-03,VIET VIBE BROOKVALE AUS,Card xx0018 | Value Date 29/11/2025,Dining & Coffee,-12.18,12.18,0.00,6846.98,2025-12,High confidence,10,"03 Dec VIET VIBE BROOKVALE AUS | Card xx0018 | ZZ258R3 Value Date 29/11/2025 12.18 6,846.98 CR"
2025-12-03,KUDOBOARD DENVER CO USA,Card xx0018 AUD 15.72 | Value Date 01/12/2025,Other,-15.72,15.72,0.00,6831.26,2025-12,High confidence,10,"03 Dec KUDOBOARD DENVER CO USA | Card xx0018 AUD 15.72 | Value Date 01/12/2025 15.72 6,831.26 CR | 3162.10488.5.6"
2025-12-03,SQ *CHINATOWN COUNTRY Sydney AU,,Dining & Coffee,-5.00,5.00,0.00,6826.26,2025-12,High confidence,10,"03 Dec SQ *CHINATOWN COUNTRY Sydney AU 5.00 6,826.26 CR"
2025-12-03,SMP*Hero Sushi Dee Why Dee Why02,,Dining & Coffee,-5.05,5.05,0.00,6821.21,2025-12,High confidence,10,"03 Dec SMP*Hero Sushi Dee Why Dee Why02 AU 5.05 6,821.21 CR"
2025-12-03,Direct Debit 507156 MBAUDPayments,AMBITIONS_TX1MzxAi,Fitness & Memberships,-68.00,68.00,0.00,6753.21,2025-12,High confidence,10,"03 Dec Direct Debit 507156 MBAUDPayments | AMBITIONS_TX1MzxAi 68.00 6,753.21 CR"
2025-12-04,DEFT REAL ESTATE NetBank BPAY 4481,0053436473 Rent may 9 to 23,Housing - Rent,-1700.00,1700.00,0.00,5053.21,2025-12,High confidence,10,"04 Dec DEFT REAL ESTATE NetBank BPAY 4481 | 0053436473 Rent may 9 to 23 1,700.00 5,053.21 CR"
2025-12-04,North Sandwich&Burger Chippendale NS,Card xx0018 | Value Date 02/12/2025,Dining & Coffee,-18.83,18.83,0.00,5034.38,2025-12,High confidence,10,"04 Dec North Sandwich&Burger Chippendale NS AUS | Card xx0018 | Value Date 02/12/2025 18.83 5,034.38 CR"
